district_id,organization_id,organization_type_id,intotal,year,month,week_of_month,weekday,hour,demand_id,demand_clean,time
14,2.0,3,20,2016,2,1,0,14,7,नहरों का पानी/सिचाई समस्या,2016-02-01 14:37:45
42,2.0,3,25,2016,2,1,0,16,12,जमीनअधिग्रहण,2016-02-01 16:14:38
42,2.0,3,25,2016,2,1,0,16,0,फ़सल ख़राब/फसल अफलन,2016-02-01 16:14:38
42,2.0,3,25,2016,2,1,0,16,3,बिजली बिल,2016-02-01 16:14:38
27,2.0,3,35,2016,2,1,0,17,1,फसल बीमा,2016-02-01 17:01:55
21,25.0,3,100,2016,2,1,1,11,10,सहायता राशि/मुआवज़ा,2016-02-02 11:44:14
21,25.0,3,100,2016,2,1,1,11,10,सहायता राशि/मुआवज़ा,2016-02-02 11:44:14
21,25.0,3,100,2016,2,1,1,11,10,सहायता राशि/मुआवज़ा,2016-02-02 11:44:14
25,25.0,3,60,2016,2,1,1,16,1,फसल बीमा,2016-02-02 16:02:10
19,2.0,3,15,2016,2,1,1,16,1,फसल बीमा,2016-02-02 16:19:31
42,2.0,3,60,2016,2,1,1,16,12,जमीनअधिग्रहण,2016-02-02 16:25:43
24,40.0,3,30,2016,2,1,1,16,8,मूल्य न मिलना(Minimum Support Price(MSP)),2016-02-02 16:38:29
24,40.0,3,30,2016,2,1,1,16,7,नहरों का पानी/सिचाई समस्या,2016-02-02 16:38:29
24,40.0,3,30,2016,2,1,1,16,8,मूल्य न मिलना(Minimum Support Price(MSP)),2016-02-02 16:38:29
24,40.0,3,30,2016,2,1,1,16,7,नहरों का पानी/सिचाई समस्या,2016-02-02 16:38:29
16,25.0,3,90,2016,2,1,1,19,8,मूल्य न मिलना(Minimum Support Price(MSP)),2016-02-02 19:13:04
16,25.0,3,90,2016,2,1,1,19,1,फसल बीमा,2016-02-02 19:13:04
25,25.0,3,10,2016,2,1,2,15,1,फसल बीमा,2016-02-03 15:47:52
43,2.0,3,100,2016,2,1,2,16,1,फसल बीमा,2016-02-03 16:24:59
24,40.0,3,10,2016,2,1,2,16,7,नहरों का पानी/सिचाई समस्या,2016-02-03 16:47:55
24,40.0,3,10,2016,2,1,2,16,7,नहरों का पानी/सिचाई समस्या,2016-02-03 16:47:55
35,13.0,3,0,2016,2,1,2,16,7,नहरों का पानी/सिचाई समस्या,2016-02-03 16:50:16
11,40.0,3,35,2016,2,1,3,11,7,नहरों का पानी/सिचाई समस्या,2016-02-04 11:55:51
24,40.0,3,8,2016,2,1,3,15,7,नहरों का पानी/सिचाई समस्या,2016-02-04 15:38:50
1,2.0,3,9,2016,2,1,3,16,1,फसल बीमा,2016-02-04 16:01:21
30,2.0,3,35,2016,2,1,4,15,1,फसल बीमा,2016-02-05 15:26:06
30,2.0,3,35,2016,2,1,4,15,8,मूल्य न मिलना(Minimum Support Price(MSP)),2016-02-05 15:26:06
1,2.0,3,150,2016,2,1,4,15,10,सहायता राशि/मुआवज़ा,2016-02-05 15:56:18
24,40.0,3,8,2016,2,1,4,15,7,नहरों का पानी/सिचाई समस्या,2016-02-05 15:58:08
43,2.0,3,90,2016,2,1,4,16,1,फसल बीमा,2016-02-05 16:21:06
24,40.0,3,8,2016,2,1,5,15,7,नहरों का पानी/सिचाई समस्या,2016-02-06 15:38:47
45,40.0,3,15,2016,2,1,5,17,7,नहरों का पानी/सिचाई समस्या,2016-02-06 17:19:04
43,2.0,3,10,2016,2,2,0,16,1,फसल बीमा,2016-02-08 16:51:50
18,40.0,3,10,2016,2,2,1,17,1,फसल बीमा,2016-02-09 17:00:53
18,40.0,3,10,2016,2,2,1,17,8,मूल्य न मिलना(Minimum Support Price(MSP)),2016-02-09 17:00:53
34,40.0,3,35,2016,2,2,1,18,7,नहरों का पानी/सिचाई समस्या,2016-02-09 18:35:00
34,40.0,3,35,2016,2,2,2,12,7,नहरों का पानी/सिचाई समस्या,2016-02-10 12:41:39
22,24.0,3,50,2016,2,2,2,16,1,फसल बीमा,2016-02-10 16:51:20
18,40.0,3,10,2016,2,2,2,17,1,फसल बीमा,2016-02-10 17:29:10
18,40.0,3,10,2016,2,2,2,17,8,मूल्य न मिलना(Minimum Support Price(MSP)),2016-02-10 17:29:10
34,40.0,3,35,2016,2,2,2,18,7,नहरों का पानी/सिचाई समस्या,2016-02-10 18:18:14
16,25.0,3,0,2016,2,2,3,10,1,फसल बीमा,2016-02-11 10:56:19
16,2.0,3,20,2016,2,2,3,14,1,फसल बीमा,2016-02-11 14:56:02
16,2.0,3,20,2016,2,2,3,14,1,फसल बीमा,2016-02-11 14:56:02
1,2.0,3,80,2016,2,2,3,16,7,नहरों का पानी/सिचाई समस्या,2016-02-11 16:04:06
1,2.0,3,80,2016,2,2,3,16,1,फसल बीमा,2016-02-11 16:04:06
1,2.0,3,80,2016,2,2,3,16,8,मूल्य न मिलना(Minimum Support Price(MSP)),2016-02-11 16:04:06
18,40.0,3,20,2016,2,2,3,17,8,मूल्य न मिलना(Minimum Support Price(MSP)),2016-02-11 17:15:44
18,40.0,3,20,2016,2,2,3,17,1,फसल बीमा,2016-02-11 17:15:44
12,3.0,3,50,2016,2,2,4,13,10,सहायता राशि/मुआवज़ा,2016-02-12 13:08:41
39,40.0,3,10,2016,2,2,4,16,10,सहायता राशि/मुआवज़ा,2016-02-12 16:35:26
34,40.0,3,10,2016,2,2,4,17,7,नहरों का पानी/सिचाई समस्या,2016-02-12 17:10:26
34,40.0,3,10,2016,2,2,4,17,7,नहरों का पानी/सिचाई समस्या,2016-02-12 17:10:26
18,40.0,3,10,2016,2,2,4,18,8,मूल्य न मिलना(Minimum Support Price(MSP)),2016-02-12 18:13:02
18,40.0,3,10,2016,2,2,4,18,1,फसल बीमा,2016-02-12 18:13:02
12,3.0,3,50,2016,2,2,5,12,10,सहायता राशि/मुआवज़ा,2016-02-13 12:08:36
39,13.0,3,300,2016,2,2,5,12,10,सहायता राशि/मुआवज़ा,2016-02-13 12:55:02
18,40.0,3,15,2016,2,2,5,17,8,मूल्य न मिलना(Minimum Support Price(MSP)),2016-02-13 17:33:41
18,40.0,3,15,2016,2,2,5,17,1,फसल बीमा,2016-02-13 17:33:41
18,40.0,3,15,2016,2,2,5,17,8,मूल्य न मिलना(Minimum Support Price(MSP)),2016-02-13 17:33:41
18,40.0,3,15,2016,2,2,5,17,1,फसल बीमा,2016-02-13 17:33:41
28,40.0,3,15,2016,2,2,6,17,8,मूल्य न मिलना(Minimum Support Price(MSP)),2016-02-14 17:10:34
28,40.0,3,15,2016,2,2,6,17,7,नहरों का पानी/सिचाई समस्या,2016-02-14 17:10:34
18,40.0,3,10,2016,2,2,6,18,8,मूल्य न मिलना(Minimum Support Price(MSP)),2016-02-14 18:18:38
18,40.0,3,10,2016,2,2,6,18,1,फसल बीमा,2016-02-14 18:18:38
18,40.0,3,10,2016,2,2,6,18,1,फसल बीमा,2016-02-14 18:18:38
18,40.0,3,10,2016,2,2,6,18,8,मूल्य न मिलना(Minimum Support Price(MSP)),2016-02-14 18:18:38
25,2.0,3,10,2016,2,3,0,15,8,मूल्य न मिलना(Minimum Support Price(MSP)),2016-02-15 15:42:51
25,2.0,3,10,2016,2,3,0,15,1,फसल बीमा,2016-02-15 15:42:51
45,25.0,3,20,2016,2,3,0,15,7,नहरों का पानी/सिचाई समस्या,2016-02-15 15:50:06
20,2.0,3,15,2016,2,3,2,12,1,फसल बीमा,2016-02-17 12:47:16
14,3.0,3,2500,2016,2,3,2,15,1,फसल बीमा,2016-02-17 15:07:02
14,2.0,3,30,2016,2,3,2,15,1,फसल बीमा,2016-02-17 15:12:59
14,2.0,3,30,2016,2,3,2,15,8,मूल्य न मिलना(Minimum Support Price(MSP)),2016-02-17 15:12:59
22,2.0,3,10,2016,2,3,2,15,1,फसल बीमा,2016-02-17 15:58:40
22,2.0,3,10,2016,2,3,2,15,8,मूल्य न मिलना(Minimum Support Price(MSP)),2016-02-17 15:58:40
3,2.0,3,4,2016,2,3,2,16,1,फसल बीमा,2016-02-17 16:26:54
24,40.0,3,40,2016,2,3,2,17,1,फसल बीमा,2016-02-17 17:22:43
24,40.0,3,40,2016,2,3,2,17,8,मूल्य न मिलना(Minimum Support Price(MSP)),2016-02-17 17:22:43
4,2.0,3,7,2016,2,3,3,10,1,फसल बीमा,2016-02-18 10:41:22
4,2.0,3,7,2016,2,3,3,10,8,मूल्य न मिलना(Minimum Support Price(MSP)),2016-02-18 10:41:22
3,2.0,3,4,2016,2,3,3,11,1,फसल बीमा,2016-02-18 11:15:16
14,3.0,3,2500,2016,2,3,3,13,1,फसल बीमा,2016-02-18 13:54:55
14,2.0,3,30,2016,2,3,3,13,1,फसल बीमा,2016-02-18 13:58:02
14,2.0,3,30,2016,2,3,3,13,8,मूल्य न मिलना(Minimum Support Price(MSP)),2016-02-18 13:58:02
20,2.0,3,15,2016,2,3,3,14,1,फसल बीमा,2016-02-18 14:22:49
22,2.0,3,10,2016,2,3,4,10,1,फसल बीमा,2016-02-19 10:47:51
22,2.0,3,10,2016,2,3,4,10,8,मूल्य न मिलना(Minimum Support Price(MSP)),2016-02-19 10:47:51
34,13.0,3,64,2016,2,3,4,17,7,नहरों का पानी/सिचाई समस्या,2016-02-19 17:14:38
34,13.0,3,64,2016,2,3,4,17,7,नहरों का पानी/सिचाई समस्या,2016-02-19 17:14:38
16,40.0,3,3,2016,2,3,5,15,7,नहरों का पानी/सिचाई समस्या,2016-02-20 15:22:50
16,40.0,3,3,2016,2,3,5,15,4,बिजली की समस्या,2016-02-20 15:22:50
34,40.0,3,100,2016,2,3,5,16,7,नहरों का पानी/सिचाई समस्या,2016-02-20 16:38:24
34,40.0,3,100,2016,2,3,5,16,7,नहरों का पानी/सिचाई समस्या,2016-02-20 16:38:24
34,40.0,3,100,2016,2,3,6,12,7,नहरों का पानी/सिचाई समस्या,2016-02-21 12:16:37
34,40.0,3,100,2016,2,3,6,12,7,नहरों का पानी/सिचाई समस्या,2016-02-21 12:16:37
34,40.0,3,100,2016,2,4,0,10,7,नहरों का पानी/सिचाई समस्या,2016-02-22 10:41:32
34,40.0,3,100,2016,2,4,0,10,7,नहरों का पानी/सिचाई समस्या,2016-02-22 10:41:32
28,2.0,3,15,2016,2,4,1,18,1,फसल बीमा,2016-02-23 18:51:16
28,40.0,3,8,2016,2,4,1,18,8,मूल्य न मिलना(Minimum Support Price(MSP)),2016-02-23 18:54:26
28,40.0,3,8,2016,2,4,1,18,7,नहरों का पानी/सिचाई समस्या,2016-02-23 18:54:26
49,37.0,3,0,2016,2,4,5,17,8,मूल्य न मिलना(Minimum Support Price(MSP)),2016-02-27 17:22:21
49,37.0,3,0,2016,2,4,5,17,1,फसल बीमा,2016-02-27 17:22:21
49,37.0,3,0,2016,2,4,5,17,0,फ़सल ख़राब/फसल अफलन,2016-02-27 17:22:21
49,37.0,3,500,2016,2,4,6,14,8,मूल्य न मिलना(Minimum Support Price(MSP)),2016-02-28 14:26:35
49,37.0,3,500,2016,2,4,6,14,0,फ़सल ख़राब/फसल अफलन,2016-02-28 14:26:35
49,37.0,3,500,2016,2,4,6,14,1,फसल बीमा,2016-02-28 14:26:35
5,40.0,3,15,2016,2,5,0,12,10,सहायता राशि/मुआवज़ा,2016-02-29 12:57:27
49,37.0,3,500,2016,2,5,0,17,1,फसल बीमा,2016-02-29 17:02:10
49,37.0,3,500,2016,2,5,0,17,8,मूल्य न मिलना(Minimum Support Price(MSP)),2016-02-29 17:02:10
49,37.0,3,500,2016,2,5,0,17,0,फ़सल ख़राब/फसल अफलन,2016-02-29 17:02:10
11,40.0,3,800,2016,2,5,0,17,1,फसल बीमा,2016-02-29 17:05:49
11,40.0,3,800,2016,2,5,0,17,1,फसल बीमा,2016-02-29 17:05:49
5,40.0,3,100,2016,2,5,0,17,10,सहायता राशि/मुआवज़ा,2016-02-29 17:29:44
5,40.0,3,100,2016,2,5,0,17,7,नहरों का पानी/सिचाई समस्या,2016-02-29 17:29:44
31,40.0,3,30,2017,2,1,2,12,7,नहरों का पानी/सिचाई समस्या,2017-02-01 12:10:25
47,2.0,3,100,2017,2,1,3,16,7,नहरों का पानी/सिचाई समस्या,2017-02-02 16:27:35
47,2.0,3,100,2017,2,1,3,16,7,नहरों का पानी/सिचाई समस्या,2017-02-02 16:27:35
47,2.0,3,100,2017,2,1,3,16,7,नहरों का पानी/सिचाई समस्या,2017-02-02 16:27:35
43,2.0,3,40,2017,2,1,4,16,8,मूल्य न मिलना(Minimum Support Price(MSP)),2017-02-03 16:43:01
19,13.0,3,0,2017,2,1,6,15,9,किसानों द्वारा आत्महत्या/आत्महत्या का प्रयास,2017-02-05 15:16:52
29,2.0,3,15,2017,2,1,1,16,1,फसल बीमा,2017-02-07 16:18:10
29,2.0,3,15,2017,2,1,1,16,8,मूल्य न मिलना(Minimum Support Price(MSP)),2017-02-07 16:18:10
29,2.0,3,15,2017,2,1,1,16,1,फसल बीमा,2017-02-07 16:18:10
29,2.0,3,15,2017,2,1,1,16,8,मूल्य न मिलना(Minimum Support Price(MSP)),2017-02-07 16:18:10
44,5.0,3,0,2017,2,2,2,12,7,नहरों का पानी/सिचाई समस्या,2017-02-08 12:19:54
14,40.0,3,1,2017,2,2,4,17,1,फसल बीमा,2017-02-10 17:37:08
14,13.0,3,1,2017,2,2,5,17,1,फसल बीमा,2017-02-11 17:45:13
31,40.0,3,30,2017,2,2,5,17,1,फसल बीमा,2017-02-11 17:56:00
14,13.0,3,1,2017,2,2,6,16,1,फसल बीमा,2017-02-12 16:51:14
25,13.0,3,100,2017,2,2,0,16,11,मंडी व्यवस्था/खरीदी केन्द्,2017-02-13 16:46:06
37,13.0,3,0,2017,2,2,1,16,0,फ़सल ख़राब/फसल अफलन,2017-02-14 16:34:57
31,40.0,3,40,2017,2,2,1,18,7,नहरों का पानी/सिचाई समस्या,2017-02-14 18:10:40
1,2.0,3,0,2017,2,3,2,10,1,फसल बीमा,2017-02-15 10:00:59
1,2.0,3,0,2017,2,3,2,15,1,फसल बीमा,2017-02-15 15:22:42
29,13.0,3,50,2017,2,3,2,15,0,फ़सल ख़राब/फसल अफलन,2017-02-15 15:43:25
48,2.0,3,100,2017,2,3,2,17,1,फसल बीमा,2017-02-15 17:55:45
24,40.0,3,50,2017,2,3,4,15,7,नहरों का पानी/सिचाई समस्या,2017-02-17 15:55:10
25,25.0,3,80,2017,2,3,0,16,8,मूल्य न मिलना(Minimum Support Price(MSP)),2017-02-20 16:18:27
44,13.0,3,10,2017,2,3,0,16,9,किसानों द्वारा आत्महत्या/आत्महत्या का प्रयास,2017-02-20 16:40:07
1,2.0,3,0,2017,2,4,2,15,8,मूल्य न मिलना(Minimum Support Price(MSP)),2017-02-22 15:48:49
1,2.0,3,0,2017,2,4,2,15,1,फसल बीमा,2017-02-22 15:48:49
1,2.0,3,150,2017,2,4,3,16,8,मूल्य न मिलना(Minimum Support Price(MSP)),2017-02-23 16:03:50
1,2.0,3,150,2017,2,4,3,16,1,फसल बीमा,2017-02-23 16:03:50
1,2.0,3,150,2017,2,4,3,16,8,मूल्य न मिलना(Minimum Support Price(MSP)),2017-02-23 16:35:57
1,2.0,3,150,2017,2,4,3,16,1,फसल बीमा,2017-02-23 16:35:57
36,7.0,3,0,2017,2,4,5,16,0,फ़सल ख़राब/फसल अफलन,2017-02-25 16:49:09
37,2.0,3,10,2017,2,4,0,16,11,मंडी व्यवस्था/खरीदी केन्द्,2017-02-27 16:05:21
44,2.0,3,50,2017,2,4,0,17,9,किसानों द्वारा आत्महत्या/आत्महत्या का प्रयास,2017-02-27 17:58:42
36,7.0,3,150,2017,2,4,0,18,11,मंडी व्यवस्था/खरीदी केन्द्,2017-02-27 18:44:50
36,7.0,3,150,2017,2,4,0,18,8,मूल्य न मिलना(Minimum Support Price(MSP)),2017-02-27 18:44:50
36,7.0,3,150,2017,2,4,0,18,0,फ़सल ख़राब/फसल अफलन,2017-02-27 18:44:50
36,7.0,3,150,2017,2,4,0,18,11,मंडी व्यवस्था/खरीदी केन्द्,2017-02-27 18:44:50
36,7.0,3,150,2017,2,4,0,18,8,मूल्य न मिलना(Minimum Support Price(MSP)),2017-02-27 18:44:50
36,7.0,3,150,2017,2,4,0,18,0,फ़सल ख़राब/फसल अफलन,2017-02-27 18:44:50
4,2.0,3,2,2017,2,4,1,16,11,मंडी व्यवस्था/खरीदी केन्द्,2017-02-28 16:46:49
24,2.0,3,90,2018,2,1,3,17,7,नहरों का पानी/सिचाई समस्या,2018-02-01 17:31:23
24,2.0,3,90,2018,2,1,3,17,0,फ़सल ख़राब/फसल अफलन,2018-02-01 17:31:23
24,2.0,3,90,2018,2,1,3,17,10,सहायता राशि/मुआवज़ा,2018-02-01 17:31:23
24,2.0,13,90,2018,2,1,3,17,0,फ़सल ख़राब/फसल अफलन,2018-02-01 17:31:23
24,2.0,13,90,2018,2,1,3,17,1,फसल बीमा,2018-02-01 17:31:23
24,2.0,13,90,2018,2,1,3,17,7,नहरों का पानी/सिचाई समस्या,2018-02-01 17:31:23
24,2.0,13,90,2018,2,1,3,17,10,सहायता राशि/मुआवज़ा,2018-02-01 17:31:23
24,2.0,3,90,2018,2,1,3,17,1,फसल बीमा,2018-02-01 17:31:23
24,2.0,13,150,2018,2,1,4,16,1,फसल बीमा,2018-02-02 16:28:34
24,2.0,13,150,2018,2,1,4,16,7,नहरों का पानी/सिचाई समस्या,2018-02-02 16:28:34
24,2.0,13,150,2018,2,1,4,16,0,फ़सल ख़राब/फसल अफलन,2018-02-02 16:28:34
24,2.0,3,150,2018,2,1,4,16,10,सहायता राशि/मुआवज़ा,2018-02-02 16:28:34
24,2.0,3,150,2018,2,1,4,16,7,नहरों का पानी/सिचाई समस्या,2018-02-02 16:28:34
24,2.0,3,150,2018,2,1,4,16,1,फसल बीमा,2018-02-02 16:28:34
24,2.0,3,150,2018,2,1,4,16,0,फ़सल ख़राब/फसल अफलन,2018-02-02 16:28:34
24,2.0,13,150,2018,2,1,4,16,10,सहायता राशि/मुआवज़ा,2018-02-02 16:28:34
24,2.0,3,150,2018,2,1,4,16,0,फ़सल ख़राब/फसल अफलन,2018-02-02 16:28:34
24,2.0,3,150,2018,2,1,4,16,1,फसल बीमा,2018-02-02 16:28:34
24,2.0,3,150,2018,2,1,4,16,7,नहरों का पानी/सिचाई समस्या,2018-02-02 16:28:34
24,2.0,3,150,2018,2,1,4,16,10,सहायता राशि/मुआवज़ा,2018-02-02 16:28:34
24,2.0,13,150,2018,2,1,4,16,0,फ़सल ख़राब/फसल अफलन,2018-02-02 16:28:34
24,2.0,13,150,2018,2,1,4,16,10,सहायता राशि/मुआवज़ा,2018-02-02 16:28:34
24,2.0,13,150,2018,2,1,4,16,1,फसल बीमा,2018-02-02 16:28:34
24,2.0,13,150,2018,2,1,4,16,7,नहरों का पानी/सिचाई समस्या,2018-02-02 16:28:34
19,40.0,3,25,2018,2,1,5,15,7,नहरों का पानी/सिचाई समस्या,2018-02-03 15:30:40
19,40.0,3,25,2018,2,1,5,15,7,नहरों का पानी/सिचाई समस्या,2018-02-03 15:30:40
24,2.0,3,20,2018,2,1,5,17,7,नहरों का पानी/सिचाई समस्या,2018-02-03 17:39:37
24,2.0,3,20,2018,2,1,5,17,10,सहायता राशि/मुआवज़ा,2018-02-03 17:39:37
24,2.0,3,20,2018,2,1,5,17,0,फ़सल ख़राब/फसल अफलन,2018-02-03 17:39:37
24,2.0,3,20,2018,2,1,5,17,1,फसल बीमा,2018-02-03 17:39:37
33,40.0,3,300,2018,2,1,5,18,13,भावंतर राशि,2018-02-03 18:53:55
19,40.0,3,25,2018,2,1,6,15,7,नहरों का पानी/सिचाई समस्या,2018-02-04 15:15:14
19,40.0,3,25,2018,2,1,6,15,7,नहरों का पानी/सिचाई समस्या,2018-02-04 15:15:14
19,40.0,3,25,2018,2,1,0,17,7,नहरों का पानी/सिचाई समस्या,2018-02-05 17:21:03
27,40.0,3,30,2018,2,1,0,17,8,मूल्य न मिलना(Minimum Support Price(MSP)),2018-02-05 17:51:26
21,8.0,3,10,2018,2,1,1,17,13,भावंतर राशि,2018-02-06 17:30:16
53,40.0,3,18,2018,2,1,2,13,13,भावंतर राशि,2018-02-07 13:49:18
53,40.0,3,18,2018,2,1,2,13,3,बिजली बिल,2018-02-07 13:49:18
34,13.0,3,20,2018,2,2,3,18,7,नहरों का पानी/सिचाई समस्या,2018-02-08 18:24:05
22,24.0,3,25,2018,2,2,4,16,13,भावंतर राशि,2018-02-09 16:36:55
39,13.0,3,5000,2018,2,2,5,13,13,भावंतर राशि,2018-02-10 13:33:41
12,24.0,3,0,2018,2,2,6,15,13,भावंतर राशि,2018-02-11 15:05:59
44,7.0,3,0,2018,2,2,6,16,13,भावंतर राशि,2018-02-11 16:16:19
44,7.0,3,0,2018,2,2,6,16,1,फसल बीमा,2018-02-11 16:16:19
44,7.0,3,0,2018,2,2,6,16,7,नहरों का पानी/सिचाई समस्या,2018-02-11 16:16:19
21,2.0,3,0,2018,2,2,0,13,8,मूल्य न मिलना(Minimum Support Price(MSP)),2018-02-12 13:01:06
50,40.0,3,1000,2018,2,2,0,16,13,भावंतर राशि,2018-02-12 16:15:33
20,40.0,3,2000,2018,2,2,0,16,13,भावंतर राशि,2018-02-12 16:23:15
19,13.0,3,300,2018,2,2,0,16,13,भावंतर राशि,2018-02-12 16:51:13
44,2.0,3,100,2018,2,2,0,17,7,नहरों का पानी/सिचाई समस्या,2018-02-12 17:42:20
44,2.0,3,100,2018,2,2,0,17,1,फसल बीमा,2018-02-12 17:42:20
44,2.0,3,100,2018,2,2,0,17,13,भावंतर राशि,2018-02-12 17:42:20
4,2.0,3,8,2018,2,2,0,18,11,मंडी व्यवस्था/खरीदी केन्द्,2018-02-12 18:20:32
50,40.0,3,1000,2018,2,2,1,14,13,भावंतर राशि,2018-02-13 14:50:28
37,40.0,3,400,2018,2,2,1,17,13,भावंतर राशि,2018-02-13 17:10:41
19,40.0,3,30,2018,2,2,1,19,10,सहायता राशि/मुआवज़ा,2018-02-13 19:21:51
47,40.0,3,20,2018,2,3,3,17,1,फसल बीमा,2018-02-15 17:45:24
39,2.0,3,50,2018,2,3,4,13,10,सहायता राशि/मुआवज़ा,2018-02-16 13:19:21
39,13.0,3,150,2018,2,3,4,16,3,बिजली बिल,2018-02-16 16:31:52
12,24.0,3,0,2018,2,3,1,13,10,सहायता राशि/मुआवज़ा,2018-02-20 13:53:49
43,2.0,3,40,2018,2,3,2,16,10,सहायता राशि/मुआवज़ा,2018-02-21 16:02:01
9,21.0,3,60,2018,2,3,2,17,8,मूल्य न मिलना(Minimum Support Price(MSP)),2018-02-21 17:08:24
12,24.0,3,40,2018,2,3,2,18,10,सहायता राशि/मुआवज़ा,2018-02-21 18:17:28
43,2.0,3,40,2018,2,4,3,16,10,सहायता राशि/मुआवज़ा,2018-02-22 16:52:47
45,22.0,3,15,2018,2,4,4,18,8,मूल्य न मिलना(Minimum Support Price(MSP)),2018-02-23 18:36:05
45,22.0,3,15,2018,2,4,4,18,13,भावंतर राशि,2018-02-23 18:36:05
45,22.0,3,15,2018,2,4,4,18,8,मूल्य न मिलना(Minimum Support Price(MSP)),2018-02-23 18:36:05
45,22.0,3,15,2018,2,4,4,18,13,भावंतर राशि,2018-02-23 18:36:05
39,2.0,3,10,2018,2,4,5,13,8,मूल्य न मिलना(Minimum Support Price(MSP)),2018-02-24 13:16:27
39,2.0,3,10,2018,2,4,5,13,13,भावंतर राशि,2018-02-24 13:16:27
33,37.0,3,15,2018,2,4,5,17,8,मूल्य न मिलना(Minimum Support Price(MSP)),2018-02-24 17:20:51
20,2.0,3,25,2018,2,4,0,15,13,भावंतर राशि,2018-02-26 15:22:37
42,2.0,3,20,2018,2,4,0,15,13,भावंतर राशि,2018-02-26 15:45:35
46,2.0,3,60,2018,2,4,0,16,8,मूल्य न मिलना(Minimum Support Price(MSP)),2018-02-26 16:19:58
46,2.0,3,60,2018,2,4,0,16,13,भावंतर राशि,2018-02-26 16:19:58
22,2.0,3,30,2018,2,4,0,16,13,भावंतर राशि,2018-02-26 16:37:03
22,2.0,3,30,2018,2,4,0,16,8,मूल्य न मिलना(Minimum Support Price(MSP)),2018-02-26 16:37:03
47,2.0,3,60,2018,2,4,0,16,13,भावंतर राशि,2018-02-26 16:40:49
24,2.0,3,30,2018,2,4,0,17,0,फ़सल ख़राब/फसल अफलन,2018-02-26 17:04:30
24,2.0,3,30,2018,2,4,0,17,1,फसल बीमा,2018-02-26 17:04:30
45,25.0,3,0,2018,2,4,0,17,8,मूल्य न मिलना(Minimum Support Price(MSP)),2018-02-26 17:15:05
45,25.0,3,0,2018,2,4,0,17,13,भावंतर राशि,2018-02-26 17:15:05
49,8.0,3,2000,2018,2,4,0,17,8,मूल्य न मिलना(Minimum Support Price(MSP)),2018-02-26 17:19:43
49,8.0,3,2000,2018,2,4,0,17,13,भावंतर राशि,2018-02-26 17:19:43
6,40.0,3,50,2018,2,4,0,17,8,मूल्य न मिलना(Minimum Support Price(MSP)),2018-02-26 17:31:08
6,40.0,3,50,2018,2,4,0,17,1,फसल बीमा,2018-02-26 17:31:08
43,2.0,3,25,2018,2,4,0,17,13,भावंतर राशि,2018-02-26 17:34:05
6,2.0,3,350,2018,2,4,1,15,4,बिजली की समस्या,2018-02-27 15:00:30
6,2.0,3,350,2018,2,4,1,15,8,मूल्य न मिलना(Minimum Support Price(MSP)),2018-02-27 15:00:30
39,13.0,3,7,2018,2,4,1,16,13,भावंतर राशि,2018-02-27 16:47:12
24,2.0,3,40,2018,2,4,1,16,1,फसल बीमा,2018-02-27 16:59:56
24,2.0,3,40,2018,2,4,1,16,0,फ़सल ख़राब/फसल अफलन,2018-02-27 16:59:56
49,7.0,3,1500,2018,2,4,1,18,13,भावंतर राशि,2018-02-27 18:11:33
21,40.0,3,400,2018,2,4,2,17,13,भावंतर राशि,2018-02-28 17:09:59
5,14.0,3,40,2019,2,1,4,16,1,फसल बीमा,2019-02-01 16:38:57
24,40.0,3,15,2019,2,1,4,17,8,मूल्य न मिलना(Minimum Support Price(MSP)),2019-02-01 17:25:11
24,40.0,3,15,2019,2,1,4,17,5,खाद की कमी: यूरिया(Urea) डीएपी(DAP)/काला बाजारी,2019-02-01 17:25:11
39,13.0,3,25,2019,2,1,5,16,0,फ़सल ख़राब/फसल अफलन,2019-02-02 16:35:52
48,2.0,3,20,2019,2,1,5,17,0,फ़सल ख़राब/फसल अफलन,2019-02-02 17:16:14
24,2.0,3,20,2019,2,1,6,15,8,मूल्य न मिलना(Minimum Support Price(MSP)),2019-02-03 15:25:00
24,2.0,3,20,2019,2,1,6,15,11,मंडी व्यवस्था/खरीदी केन्द्,2019-02-03 15:25:00
27,39.0,3,10,2019,2,1,0,14,8,मूल्य न मिलना(Minimum Support Price(MSP)),2019-02-04 14:08:39
34,1.0,3,30,2019,2,1,0,17,13,भावंतर राशि,2019-02-04 17:39:26
44,2.0,3,0,2019,2,1,0,17,10,सहायता राशि/मुआवज़ा,2019-02-04 17:58:16
21,40.0,3,0,2019,2,1,1,12,8,मूल्य न मिलना(Minimum Support Price(MSP)),2019-02-05 12:20:11
39,13.0,3,18,2019,2,1,1,13,10,सहायता राशि/मुआवज़ा,2019-02-05 13:14:52
20,40.0,3,5,2019,2,1,1,15,8,मूल्य न मिलना(Minimum Support Price(MSP)),2019-02-05 15:17:35
1,40.0,3,15,2019,2,1,1,16,13,भावंतर राशि,2019-02-05 16:05:13
53,2.0,3,0,2019,2,1,1,16,8,मूल्य न मिलना(Minimum Support Price(MSP)),2019-02-05 16:07:21
39,13.0,3,40,2019,2,1,1,16,8,मूल्य न मिलना(Minimum Support Price(MSP)),2019-02-05 16:09:19
44,2.0,3,35,2019,2,1,1,17,10,सहायता राशि/मुआवज़ा,2019-02-05 17:11:37
19,25.0,3,30,2019,2,1,1,18,1,फसल बीमा,2019-02-05 18:51:07
19,2.0,3,0,2019,2,1,2,15,1,फसल बीमा,2019-02-06 15:21:18
18,2.0,3,5,2019,2,1,2,16,11,मंडी व्यवस्था/खरीदी केन्द्,2019-02-06 16:12:03
1,40.0,3,0,2019,2,1,2,16,13,भावंतर राशि,2019-02-06 16:55:23
6,7.0,3,0,2019,2,1,2,17,1,फसल बीमा,2019-02-06 17:13:59
6,7.0,3,0,2019,2,1,2,17,10,सहायता राशि/मुआवज़ा,2019-02-06 17:13:59
19,2.0,3,0,2019,2,1,3,14,1,फसल बीमा,2019-02-07 14:50:20
53,13.0,3,10,2019,2,1,3,15,13,भावंतर राशि,2019-02-07 15:21:37
53,13.0,3,18,2019,2,1,3,15,10,सहायता राशि/मुआवज़ा,2019-02-07 15:22:26
33,40.0,3,40,2019,2,1,3,15,3,बिजली बिल,2019-02-07 15:51:49
1,40.0,3,30,2019,2,1,3,16,13,भावंतर राशि,2019-02-07 16:13:56
30,2.0,3,50,2019,2,1,3,16,13,भावंतर राशि,2019-02-07 16:35:51
30,2.0,3,50,2019,2,1,3,16,3,बिजली बिल,2019-02-07 16:35:51
30,2.0,3,50,2019,2,1,3,16,13,भावंतर राशि,2019-02-07 16:35:51
30,2.0,3,50,2019,2,1,3,16,3,बिजली बिल,2019-02-07 16:35:51
19,2.0,3,0,2019,2,1,3,18,1,फसल बीमा,2019-02-07 18:09:46
19,2.0,3,50,2019,2,2,4,13,1,फसल बीमा,2019-02-08 13:29:50
19,2.0,3,50,2019,2,2,4,13,1,फसल बीमा,2019-02-08 13:29:50
18,2.0,3,40,2019,2,2,4,15,8,मूल्य न मिलना(Minimum Support Price(MSP)),2019-02-08 15:42:57
18,2.0,3,40,2019,2,2,4,15,7,नहरों का पानी/सिचाई समस्या,2019-02-08 15:42:57
18,2.0,3,40,2019,2,2,4,15,7,नहरों का पानी/सिचाई समस्या,2019-02-08 15:42:57
18,2.0,3,40,2019,2,2,4,15,8,मूल्य न मिलना(Minimum Support Price(MSP)),2019-02-08 15:42:57
24,2.0,3,0,2019,2,2,4,16,7,नहरों का पानी/सिचाई समस्या,2019-02-08 16:09:31
24,2.0,3,0,2019,2,2,4,16,8,मूल्य न मिलना(Minimum Support Price(MSP)),2019-02-08 16:09:31
1,40.0,3,20,2019,2,2,4,16,13,भावंतर राशि,2019-02-08 16:17:39
1,40.0,3,20,2019,2,2,4,16,8,मूल्य न मिलना(Minimum Support Price(MSP)),2019-02-08 16:17:39
39,37.0,3,50,2019,2,2,4,16,10,सहायता राशि/मुआवज़ा,2019-02-08 16:25:05
39,37.0,3,50,2019,2,2,4,16,8,मूल्य न मिलना(Minimum Support Price(MSP)),2019-02-08 16:25:05
19,2.0,3,0,2019,2,2,5,14,1,फसल बीमा,2019-02-09 14:59:41
6,2.0,3,150,2019,2,2,6,12,10,सहायता राशि/मुआवज़ा,2019-02-10 12:51:20
6,2.0,3,150,2019,2,2,6,12,13,भावंतर राशि,2019-02-10 12:51:20
6,2.0,3,150,2019,2,2,6,12,8,मूल्य न मिलना(Minimum Support Price(MSP)),2019-02-10 12:51:20
19,2.0,3,0,2019,2,2,6,15,1,फसल बीमा,2019-02-10 15:14:03
19,2.0,3,0,2019,2,2,6,15,1,फसल बीमा,2019-02-10 15:15:09
19,2.0,3,0,2019,2,2,6,15,1,फसल बीमा,2019-02-10 15:15:09
43,7.0,3,30,2019,2,2,6,18,13,भावंतर राशि,2019-02-10 18:36:54
39,37.0,3,25,2019,2,2,0,15,10,सहायता राशि/मुआवज़ा,2019-02-11 15:46:49
39,37.0,3,25,2019,2,2,0,15,8,मूल्य न मिलना(Minimum Support Price(MSP)),2019-02-11 15:46:49
1,2.0,3,30,2019,2,2,0,16,10,सहायता राशि/मुआवज़ा,2019-02-11 16:16:59
19,2.0,3,0,2019,2,2,0,16,1,फसल बीमा,2019-02-11 16:19:59
19,2.0,3,0,2019,2,2,0,16,1,फसल बीमा,2019-02-11 16:22:13
19,2.0,3,0,2019,2,2,0,16,1,फसल बीमा,2019-02-11 16:22:13
1,2.0,3,0,2019,2,2,0,17,10,सहायता राशि/मुआवज़ा,2019-02-11 17:15:06
1,2.0,3,0,2019,2,2,0,17,11,मंडी व्यवस्था/खरीदी केन्द्,2019-02-11 17:15:06
6,40.0,3,150,2019,2,2,0,17,10,सहायता राशि/मुआवज़ा,2019-02-11 17:17:04
6,40.0,3,150,2019,2,2,0,17,13,भावंतर राशि,2019-02-11 17:17:04
6,40.0,3,150,2019,2,2,0,17,8,मूल्य न मिलना(Minimum Support Price(MSP)),2019-02-11 17:17:04
16,7.0,3,35,2019,2,2,0,17,8,मूल्य न मिलना(Minimum Support Price(MSP)),2019-02-11 17:52:09
16,7.0,3,35,2019,2,2,0,17,12,जमीनअधिग्रहण,2019-02-11 17:52:09
19,2.0,3,0,2019,2,2,1,14,1,फसल बीमा,2019-02-12 14:56:09
1,2.0,3,25,2019,2,2,1,16,10,सहायता राशि/मुआवज़ा,2019-02-12 16:02:13
1,2.0,3,25,2019,2,2,1,16,11,मंडी व्यवस्था/खरीदी केन्द्,2019-02-12 16:02:13
1,2.0,3,0,2019,2,2,1,16,11,मंडी व्यवस्था/खरीदी केन्द्,2019-02-12 16:27:00
1,2.0,3,0,2019,2,2,1,16,10,सहायता राशि/मुआवज़ा,2019-02-12 16:27:00
24,2.0,3,50,2019,2,2,1,16,7,नहरों का पानी/सिचाई समस्या,2019-02-12 16:47:04
24,2.0,3,50,2019,2,2,1,16,8,मूल्य न मिलना(Minimum Support Price(MSP)),2019-02-12 16:47:04
19,2.0,3,0,2019,2,2,2,15,1,फसल बीमा,2019-02-13 15:09:36
44,2.0,3,50,2019,2,2,2,16,10,सहायता राशि/मुआवज़ा,2019-02-13 16:53:34
1,40.0,3,0,2019,2,2,2,19,10,सहायता राशि/मुआवज़ा,2019-02-13 19:06:00
1,40.0,3,0,2019,2,2,2,19,11,मंडी व्यवस्था/खरीदी केन्द्,2019-02-13 19:06:00
39,13.0,3,20,2019,2,2,3,13,0,फ़सल ख़राब/फसल अफलन,2019-02-14 13:33:29
19,2.0,3,0,2019,2,2,3,16,1,फसल बीमा,2019-02-14 16:05:50
44,25.0,3,30,2019,2,2,3,17,10,सहायता राशि/मुआवज़ा,2019-02-14 17:24:46
48,10.0,3,30,2019,2,2,3,18,0,फ़सल ख़राब/फसल अफलन,2019-02-14 18:04:53
19,2.0,3,0,2019,2,3,4,15,1,फसल बीमा,2019-02-15 15:25:13
53,2.0,3,0,2019,2,3,4,15,0,फ़सल ख़राब/फसल अफलन,2019-02-15 15:26:47
53,2.0,3,0,2019,2,3,4,15,8,मूल्य न मिलना(Minimum Support Price(MSP)),2019-02-15 15:26:47
53,40.0,3,0,2019,2,3,4,15,8,मूल्य न मिलना(Minimum Support Price(MSP)),2019-02-15 15:42:36
44,2.0,3,25,2019,2,3,4,17,10,सहायता राशि/मुआवज़ा,2019-02-15 17:38:32
44,39.0,3,10,2019,2,3,4,17,1,फसल बीमा,2019-02-15 17:39:42
28,2.0,3,30,2019,2,3,4,18,11,मंडी व्यवस्था/खरीदी केन्द्,2019-02-15 18:44:39
28,2.0,3,30,2019,2,3,4,18,13,भावंतर राशि,2019-02-15 18:44:39
47,2.0,3,60,2019,2,3,4,21,9,किसानों द्वारा आत्महत्या/आत्महत्या का प्रयास,2019-02-15 21:16:02
19,2.0,3,0,2019,2,3,5,15,1,फसल बीमा,2019-02-16 15:23:24
19,2.0,3,0,2019,2,3,6,15,1,फसल बीमा,2019-02-17 15:38:28
25,25.0,3,30,2019,2,3,6,17,13,भावंतर राशि,2019-02-17 17:37:38
47,2.0,3,14,2019,2,3,6,20,0,फ़सल ख़राब/फसल अफलन,2019-02-17 20:52:53
47,2.0,3,14,2019,2,3,6,20,0,फ़सल ख़राब/फसल अफलन,2019-02-17 20:52:53
46,2.0,3,30,2019,2,3,0,13,1,फसल बीमा,2019-02-18 13:22:43
19,2.0,3,0,2019,2,3,0,14,1,फसल बीमा,2019-02-18 14:59:18
19,2.0,3,0,2019,2,3,0,15,1,फसल बीमा,2019-02-18 15:00:26
45,25.0,3,95,2019,2,3,0,15,1,फसल बीमा,2019-02-18 15:52:03
45,25.0,3,95,2019,2,3,0,15,8,मूल्य न मिलना(Minimum Support Price(MSP)),2019-02-18 15:52:03
43,2.0,3,80,2019,2,3,0,17,13,भावंतर राशि,2019-02-18 17:22:07
24,2.0,3,20,2019,2,3,0,17,13,भावंतर राशि,2019-02-18 17:32:53
24,2.0,3,20,2019,2,3,0,17,13,भावंतर राशि,2019-02-18 17:32:53
44,2.0,3,25,2019,2,3,0,17,13,भावंतर राशि,2019-02-18 17:58:06
32,40.0,3,25,2019,2,3,0,18,8,मूल्य न मिलना(Minimum Support Price(MSP)),2019-02-18 18:06:03
47,2.0,3,14,2019,2,3,0,18,0,फ़सल ख़राब/फसल अफलन,2019-02-18 18:58:54
1,2.0,3,0,2019,2,3,0,21,8,मूल्य न मिलना(Minimum Support Price(MSP)),2019-02-18 21:09:38
1,2.0,3,200,2019,2,3,1,16,8,मूल्य न मिलना(Minimum Support Price(MSP)),2019-02-19 16:19:36
19,40.0,3,0,2019,2,3,1,16,8,मूल्य न मिलना(Minimum Support Price(MSP)),2019-02-19 16:35:26
19,2.0,3,0,2019,2,3,1,16,1,फसल बीमा,2019-02-19 16:37:49
12,2.0,3,50,2019,2,3,2,15,8,मूल्य न मिलना(Minimum Support Price(MSP)),2019-02-20 15:32:01
24,2.0,3,200,2019,2,3,2,17,7,नहरों का पानी/सिचाई समस्या,2019-02-20 17:20:02
24,2.0,3,0,2019,2,3,3,15,7,नहरों का पानी/सिचाई समस्या,2019-02-21 15:00:06
24,2.0,3,0,2019,2,3,3,15,8,मूल्य न मिलना(Minimum Support Price(MSP)),2019-02-21 15:00:06
6,7.0,3,80,2019,2,3,3,15,8,मूल्य न मिलना(Minimum Support Price(MSP)),2019-02-21 15:04:51
6,7.0,3,80,2019,2,3,3,15,13,भावंतर राशि,2019-02-21 15:04:51
53,40.0,3,19,2019,2,3,3,15,8,मूल्य न मिलना(Minimum Support Price(MSP)),2019-02-21 15:49:48
39,13.0,3,15,2019,2,3,3,17,0,फ़सल ख़राब/फसल अफलन,2019-02-21 17:04:37
7,22.0,3,40,2019,2,4,6,18,3,बिजली बिल,2019-02-24 18:27:56
1,2.0,3,5,2019,2,4,1,15,8,मूल्य न मिलना(Minimum Support Price(MSP)),2019-02-26 15:48:29
19,40.0,3,40,2019,2,4,2,17,8,मूल्य न मिलना(Minimum Support Price(MSP)),2019-02-27 17:53:34
19,40.0,3,40,2019,2,4,2,17,13,भावंतर राशि,2019-02-27 17:53:34
53,13.0,3,0,2019,2,4,2,21,13,भावंतर राशि,2019-02-27 21:45:19
1,2.0,3,500,2019,2,4,3,15,8,मूल्य न मिलना(Minimum Support Price(MSP)),2019-02-28 15:58:57
49,7.0,3,600,2019,2,4,3,17,1,फसल बीमा,2019-02-28 17:21:39
49,7.0,3,600,2019,2,4,3,17,8,मूल्य न मिलना(Minimum Support Price(MSP)),2019-02-28 17:21:39
49,7.0,3,600,2019,2,4,3,17,12,जमीनअधिग्रहण,2019-02-28 17:21:39
24,2.0,3,500,2019,2,4,3,18,8,मूल्य न मिलना(Minimum Support Price(MSP)),2019-02-28 18:03:58
45,13.0,3,0,2020,2,1,5,13,8,मूल्य न मिलना(Minimum Support Price(MSP)),2020-02-01 13:12:22
25,2.0,3,20,2020,2,1,5,16,0,फ़सल ख़राब/फसल अफलन,2020-02-01 16:35:52
25,2.0,3,20,2020,2,1,5,16,10,सहायता राशि/मुआवज़ा,2020-02-01 16:35:52
18,2.0,3,10,2020,2,1,6,15,7,नहरों का पानी/सिचाई समस्या,2020-02-02 15:05:43
11,40.0,3,15,2020,2,1,0,17,13,भावंतर राशि,2020-02-03 17:00:22
11,40.0,3,15,2020,2,1,0,17,5,खाद की कमी: यूरिया(Urea) डीएपी(DAP)/काला बाजारी,2020-02-03 17:00:22
50,40.0,3,15,2020,2,1,2,15,3,बिजली बिल,2020-02-05 15:04:58
43,2.0,3,250,2020,2,1,2,15,1,फसल बीमा,2020-02-05 15:06:25
24,2.0,3,0,2020,2,1,2,16,8,मूल्य न मिलना(Minimum Support Price(MSP)),2020-02-05 16:14:02
24,2.0,3,0,2020,2,1,2,16,7,नहरों का पानी/सिचाई समस्या,2020-02-05 16:14:02
24,2.0,3,350,2020,2,1,3,16,7,नहरों का पानी/सिचाई समस्या,2020-02-06 16:09:10
24,2.0,3,350,2020,2,1,3,16,0,फ़सल ख़राब/फसल अफलन,2020-02-06 16:09:10
24,2.0,3,350,2020,2,1,3,16,1,फसल बीमा,2020-02-06 16:09:10
24,2.0,3,350,2020,2,1,3,16,8,मूल्य न मिलना(Minimum Support Price(MSP)),2020-02-06 16:09:10
24,2.0,3,350,2020,2,1,3,16,10,सहायता राशि/मुआवज़ा,2020-02-06 16:09:10
43,2.0,3,150,2020,2,1,3,16,1,फसल बीमा,2020-02-06 16:09:47
46,40.0,3,30,2020,2,2,5,15,10,सहायता राशि/मुआवज़ा,2020-02-08 15:44:01
46,40.0,3,30,2020,2,2,5,15,2,बाढ़ आना,2020-02-08 15:44:01
50,10.0,3,100,2020,2,2,5,16,7,नहरों का पानी/सिचाई समस्या,2020-02-08 16:41:21
34,40.0,3,250,2020,2,2,5,18,7,नहरों का पानी/सिचाई समस्या,2020-02-08 18:00:44
43,2.0,3,10,2020,2,2,0,14,11,मंडी व्यवस्था/खरीदी केन्द्,2020-02-10 14:45:10
24,2.0,3,30,2020,2,2,0,17,1,फसल बीमा,2020-02-10 17:08:20
24,2.0,3,30,2020,2,2,0,17,10,सहायता राशि/मुआवज़ा,2020-02-10 17:08:20
24,2.0,3,30,2020,2,2,0,17,1,फसल बीमा,2020-02-10 17:08:20
24,2.0,3,30,2020,2,2,0,17,10,सहायता राशि/मुआवज़ा,2020-02-10 17:08:20
25,25.0,3,10,2020,2,2,0,17,10,सहायता राशि/मुआवज़ा,2020-02-10 17:47:51
18,40.0,3,10,2020,2,2,1,15,13,भावंतर राशि,2020-02-11 15:27:18
50,40.0,3,50,2020,2,2,1,17,3,बिजली बिल,2020-02-11 17:38:58
50,40.0,3,200,2020,2,2,1,17,12,जमीनअधिग्रहण,2020-02-11 17:57:00
16,40.0,3,30,2020,2,2,1,18,10,सहायता राशि/मुआवज़ा,2020-02-11 18:09:57
16,40.0,3,30,2020,2,2,1,18,13,भावंतर राशि,2020-02-11 18:09:57
16,40.0,3,30,2020,2,2,2,17,13,भावंतर राशि,2020-02-12 17:14:03
16,40.0,3,30,2020,2,2,2,17,10,सहायता राशि/मुआवज़ा,2020-02-12 17:14:03
18,2.0,3,20,2020,2,2,3,15,7,नहरों का पानी/सिचाई समस्या,2020-02-13 15:08:07
6,7.0,3,250,2020,2,2,3,15,3,बिजली बिल,2020-02-13 15:36:48
6,7.0,3,250,2020,2,2,3,15,10,सहायता राशि/मुआवज़ा,2020-02-13 15:36:48
6,7.0,3,250,2020,2,2,3,15,13,भावंतर राशि,2020-02-13 15:36:48
50,40.0,3,30,2020,2,2,4,16,3,बिजली बिल,2020-02-14 16:12:10
50,40.0,3,200,2020,2,2,4,16,12,जमीनअधिग्रहण,2020-02-14 16:22:16
25,40.0,3,25,2020,2,3,5,16,10,सहायता राशि/मुआवज़ा,2020-02-15 16:43:19
25,40.0,3,25,2020,2,3,5,16,0,फ़सल ख़राब/फसल अफलन,2020-02-15 16:43:19
18,40.0,3,91,2020,2,3,0,14,7,नहरों का पानी/सिचाई समस्या,2020-02-17 14:57:19
44,2.0,3,90,2020,2,3,0,16,8,मूल्य न मिलना(Minimum Support Price(MSP)),2020-02-17 16:42:21
25,40.0,3,30,2020,2,3,0,17,0,फ़सल ख़राब/फसल अफलन,2020-02-17 17:26:46
25,40.0,3,30,2020,2,3,0,17,10,सहायता राशि/मुआवज़ा,2020-02-17 17:26:46
11,40.0,3,30,2020,2,3,2,15,8,मूल्य न मिलना(Minimum Support Price(MSP)),2020-02-19 15:58:26
18,39.0,3,0,2020,2,3,2,16,13,भावंतर राशि,2020-02-19 16:06:24
33,2.0,3,150,2020,2,4,6,17,5,खाद की कमी: यूरिया(Urea) डीएपी(DAP)/काला बाजारी,2020-02-23 17:24:25
12,7.0,3,15,2020,2,4,1,16,10,सहायता राशि/मुआवज़ा,2020-02-25 16:34:53
43,7.0,3,0,2020,2,4,2,16,1,फसल बीमा,2020-02-26 16:41:05
12,2.0,3,150,2020,2,4,2,16,8,मूल्य न मिलना(Minimum Support Price(MSP)),2020-02-26 16:57:22
9,7.0,3,22,2020,2,4,2,18,8,मूल्य न मिलना(Minimum Support Price(MSP)),2020-02-26 18:02:47
45,7.0,3,30,2020,2,4,3,12,0,फ़सल ख़राब/फसल अफलन,2020-02-27 12:34:25
45,7.0,3,30,2020,2,4,3,12,1,फसल बीमा,2020-02-27 12:34:25
16,2.0,3,550,2020,2,4,3,18,1,फसल बीमा,2020-02-27 18:02:14
16,40.0,3,9,2020,2,4,4,9,8,मूल्य न मिलना(Minimum Support Price(MSP)),2020-02-28 09:37:47
16,40.0,3,9,2020,2,4,4,9,1,फसल बीमा,2020-02-28 09:37:47
45,37.0,3,20,2020,2,4,4,12,0,फ़सल ख़राब/फसल अफलन,2020-02-28 12:09:48
45,37.0,3,20,2020,2,4,4,12,1,फसल बीमा,2020-02-28 12:09:48
6,2.0,3,20,2020,2,5,5,15,8,मूल्य न मिलना(Minimum Support Price(MSP)),2020-02-29 15:01:33
6,36.0,3,400,2020,2,5,5,15,8,मूल्य न मिलना(Minimum Support Price(MSP)),2020-02-29 15:03:01
24,2.0,3,0,2020,2,5,5,17,8,मूल्य न मिलना(Minimum Support Price(MSP)),2020-02-29 17:38:10
24,2.0,3,0,2020,2,5,5,17,13,भावंतर राशि,2020-02-29 17:38:10
43,2.0,3,30,2021,2,1,0,17,8,मूल्य न मिलना(Minimum Support Price(MSP)),2021-02-01 17:37:17
18,3.0,3,30,2021,2,1,1,15,7,नहरों का पानी/सिचाई समस्या,2021-02-02 15:53:04
48,7.0,3,4,2021,2,1,1,16,13,भावंतर राशि,2021-02-02 16:23:21
28,10.0,3,20,2021,2,1,1,16,1,फसल बीमा,2021-02-02 16:33:51
28,2.0,3,20,2021,2,1,1,16,1,फसल बीमा,2021-02-02 16:39:34
28,2.0,3,20,2021,2,1,1,16,10,सहायता राशि/मुआवज़ा,2021-02-02 16:39:34
27,2.0,3,15,2021,2,1,1,17,8,मूल्य न मिलना(Minimum Support Price(MSP)),2021-02-02 17:20:52
39,40.0,3,50,2021,2,1,2,16,7,नहरों का पानी/सिचाई समस्या,2021-02-03 16:01:09
39,40.0,3,50,2021,2,1,2,16,8,मूल्य न मिलना(Minimum Support Price(MSP)),2021-02-03 16:01:09
39,40.0,3,50,2021,2,1,2,16,10,सहायता राशि/मुआवज़ा,2021-02-03 16:01:09
39,40.0,3,50,2021,2,1,2,16,1,फसल बीमा,2021-02-03 16:01:09
18,3.0,3,30,2021,2,1,2,16,7,नहरों का पानी/सिचाई समस्या,2021-02-03 16:32:20
18,3.0,3,30,2021,2,1,3,15,7,नहरों का पानी/सिचाई समस्या,2021-02-04 15:56:52
45,13.0,3,0,2021,2,1,3,19,8,मूल्य न मिलना(Minimum Support Price(MSP)),2021-02-04 19:11:48
9,5.0,3,50,2021,2,1,4,16,8,मूल्य न मिलना(Minimum Support Price(MSP)),2021-02-05 16:47:20
9,5.0,3,15,2021,2,1,5,13,8,मूल्य न मिलना(Minimum Support Price(MSP)),2021-02-06 13:36:42
9,5.0,3,15,2021,2,1,5,13,8,मूल्य न मिलना(Minimum Support Price(MSP)),2021-02-06 13:36:42
50,37.0,3,100,2021,2,1,5,15,8,मूल्य न मिलना(Minimum Support Price(MSP)),2021-02-06 15:27:15
50,16.0,3,100,2021,2,1,5,15,8,मूल्य न मिलना(Minimum Support Price(MSP)),2021-02-06 15:27:15
50,37.0,3,100,2021,2,1,5,15,8,मूल्य न मिलना(Minimum Support Price(MSP)),2021-02-06 15:27:15
50,16.0,3,100,2021,2,1,5,15,8,मूल्य न मिलना(Minimum Support Price(MSP)),2021-02-06 15:27:15
39,40.0,3,10,2021,2,1,5,15,8,मूल्य न मिलना(Minimum Support Price(MSP)),2021-02-06 15:49:27
31,40.0,3,250,2021,2,1,5,15,11,मंडी व्यवस्था/खरीदी केन्द्,2021-02-06 15:55:21
39,13.0,3,50,2021,2,2,1,16,10,सहायता राशि/मुआवज़ा,2021-02-09 16:18:51
14,2.0,3,5,2021,2,2,3,17,8,मूल्य न मिलना(Minimum Support Price(MSP)),2021-02-11 17:22:49
43,2.0,3,0,2021,2,2,3,20,11,मंडी व्यवस्था/खरीदी केन्द्,2021-02-11 20:55:29
47,13.0,3,42,2021,2,2,4,15,12,जमीनअधिग्रहण,2021-02-12 15:39:23
8,40.0,3,8,2021,2,2,4,17,8,मूल्य न मिलना(Minimum Support Price(MSP)),2021-02-12 17:15:30
24,2.0,3,10,2021,2,2,5,16,7,नहरों का पानी/सिचाई समस्या,2021-02-13 16:12:57
47,13.0,3,42,2021,2,2,6,15,12,जमीनअधिग्रहण,2021-02-14 15:27:12
20,40.0,3,20,2021,2,3,0,15,8,मूल्य न मिलना(Minimum Support Price(MSP)),2021-02-15 15:04:08
14,40.0,3,40,2021,2,3,0,15,3,बिजली बिल,2021-02-15 15:43:09
12,2.0,3,40,2021,2,3,0,16,8,मूल्य न मिलना(Minimum Support Price(MSP)),2021-02-15 16:11:15
14,40.0,3,40,2021,2,3,1,15,3,बिजली बिल,2021-02-16 15:37:49
28,7.0,3,7,2021,2,3,3,16,8,मूल्य न मिलना(Minimum Support Price(MSP)),2021-02-18 16:26:13
18,2.0,3,4,2021,2,3,3,16,10,सहायता राशि/मुआवज़ा,2021-02-18 16:29:19
18,2.0,3,4,2021,2,3,3,16,7,नहरों का पानी/सिचाई समस्या,2021-02-18 16:29:19
27,40.0,3,8,2021,2,3,3,16,1,फसल बीमा,2021-02-18 16:39:34
40,40.0,3,2,2021,2,3,3,17,0,फ़सल ख़राब/फसल अफलन,2021-02-18 17:15:17
40,40.0,3,30,2021,2,3,4,16,0,फ़सल ख़राब/फसल अफलन,2021-02-19 16:29:22
24,2.0,3,30,2021,2,3,5,16,10,सहायता राशि/मुआवज़ा,2021-02-20 16:16:16
24,2.0,3,30,2021,2,3,5,16,1,फसल बीमा,2021-02-20 16:16:16
22,7.0,3,50,2021,2,3,6,13,7,नहरों का पानी/सिचाई समस्या,2021-02-21 13:51:43
49,37.0,3,1000,2021,2,4,0,16,8,मूल्य न मिलना(Minimum Support Price(MSP)),2021-02-22 16:36:52
49,37.0,3,1000,2021,2,4,1,16,8,मूल्य न मिलना(Minimum Support Price(MSP)),2021-02-23 16:48:42
43,2.0,3,250,2021,2,4,1,17,1,फसल बीमा,2021-02-23 17:36:11
39,40.0,3,60,2021,2,4,2,16,8,मूल्य न मिलना(Minimum Support Price(MSP)),2021-02-24 16:38:14
32,7.0,3,400,2021,2,4,2,20,8,मूल्य न मिलना(Minimum Support Price(MSP)),2021-02-24 20:07:39
49,37.0,3,200,2021,2,4,3,16,8,मूल्य न मिलना(Minimum Support Price(MSP)),2021-02-25 16:23:39
49,37.0,3,200,2021,2,4,3,16,8,मूल्य न मिलना(Minimum Support Price(MSP)),2021-02-25 16:35:28
24,2.0,3,10,2021,2,4,4,16,0,फ़सल ख़राब/फसल अफलन,2021-02-26 16:25:00
24,2.0,3,10,2021,2,4,4,16,1,फसल बीमा,2021-02-26 16:25:00
23,2.0,3,5,2021,2,4,5,12,7,नहरों का पानी/सिचाई समस्या,2021-02-27 12:31:05
44,2.0,3,35,2021,2,4,5,17,8,मूल्य न मिलना(Minimum Support Price(MSP)),2021-02-27 17:05:33
24,2.0,3,15,2022,2,1,1,16,1,फसल बीमा,2022-02-01 16:18:26
19,39.0,3,10,2022,2,1,1,16,8,मूल्य न मिलना(Minimum Support Price(MSP)),2022-02-01 16:28:40
44,7.0,3,15,2022,2,1,1,17,7,नहरों का पानी/सिचाई समस्या,2022-02-01 17:09:06
44,7.0,3,15,2022,2,1,1,17,13,भावंतर राशि,2022-02-01 17:09:06
1,40.0,3,0,2022,2,1,1,18,1,फसल बीमा,2022-02-01 18:51:18
24,2.0,3,10,2022,2,1,2,16,1,फसल बीमा,2022-02-02 16:55:36
24,2.0,3,15,2022,2,1,2,17,8,मूल्य न मिलना(Minimum Support Price(MSP)),2022-02-02 17:08:56
44,7.0,3,15,2022,2,1,2,17,7,नहरों का पानी/सिचाई समस्या,2022-02-02 17:13:30
44,7.0,3,15,2022,2,1,2,17,13,भावंतर राशि,2022-02-02 17:13:30
18,22.0,3,0,2022,2,1,3,14,10,सहायता राशि/मुआवज़ा,2022-02-03 14:34:23
24,2.0,3,30,2022,2,1,3,16,1,फसल बीमा,2022-02-03 16:41:03
44,7.0,3,15,2022,2,1,3,16,7,नहरों का पानी/सिचाई समस्या,2022-02-03 16:42:51
44,7.0,3,15,2022,2,1,3,16,13,भावंतर राशि,2022-02-03 16:42:51
33,40.0,3,8,2022,2,1,4,16,12,जमीनअधिग्रहण,2022-02-04 16:15:51
44,7.0,3,15,2022,2,1,4,16,13,भावंतर राशि,2022-02-04 16:25:41
44,7.0,3,15,2022,2,1,4,16,7,नहरों का पानी/सिचाई समस्या,2022-02-04 16:25:41
24,2.0,3,10,2022,2,1,4,16,1,फसल बीमा,2022-02-04 16:32:27
45,22.0,3,80,2022,2,1,4,18,12,जमीनअधिग्रहण,2022-02-04 18:43:19
45,22.0,3,80,2022,2,1,4,18,12,जमीनअधिग्रहण,2022-02-04 18:43:19
45,22.0,3,80,2022,2,1,4,18,12,जमीनअधिग्रहण,2022-02-04 18:43:19
45,22.0,3,80,2022,2,1,4,18,12,जमीनअधिग्रहण,2022-02-04 18:43:19
44,7.0,3,15,2022,2,1,5,15,7,नहरों का पानी/सिचाई समस्या,2022-02-05 15:02:52
44,7.0,3,15,2022,2,1,5,15,13,भावंतर राशि,2022-02-05 15:02:52
6,40.0,3,0,2022,2,1,5,15,8,मूल्य न मिलना(Minimum Support Price(MSP)),2022-02-05 15:21:46
24,2.0,3,8,2022,2,1,5,16,1,फसल बीमा,2022-02-05 16:13:14
24,2.0,3,8,2022,2,1,6,16,1,फसल बीमा,2022-02-06 16:58:11
33,40.0,3,50,2022,2,1,6,16,12,जमीनअधिग्रहण,2022-02-06 16:59:47
31,2.0,3,15,2022,2,1,6,18,3,बिजली बिल,2022-02-06 18:10:52
39,40.0,3,10,2022,2,1,0,16,11,मंडी व्यवस्था/खरीदी केन्द्,2022-02-07 16:21:32
33,40.0,3,0,2022,2,1,0,17,12,जमीनअधिग्रहण,2022-02-07 17:00:03
24,2.0,3,40,2022,2,1,0,17,1,फसल बीमा,2022-02-07 17:22:52
33,40.0,3,30,2022,2,2,1,17,12,जमीनअधिग्रहण,2022-02-08 17:01:22
44,7.0,3,15,2022,2,2,2,16,13,भावंतर राशि,2022-02-09 16:15:57
44,7.0,3,15,2022,2,2,2,16,7,नहरों का पानी/सिचाई समस्या,2022-02-09 16:15:57
33,40.0,3,30,2022,2,2,2,17,12,जमीनअधिग्रहण,2022-02-09 17:02:41
11,40.0,3,40,2022,2,2,3,14,7,नहरों का पानी/सिचाई समस्या,2022-02-10 14:53:00
11,40.0,3,40,2022,2,2,3,14,7,नहरों का पानी/सिचाई समस्या,2022-02-10 14:53:00
11,40.0,3,40,2022,2,2,3,14,7,नहरों का पानी/सिचाई समस्या,2022-02-10 14:53:00
11,40.0,3,3,2022,2,2,3,14,0,फ़सल ख़राब/फसल अफलन,2022-02-10 14:54:34
44,7.0,3,15,2022,2,2,3,16,13,भावंतर राशि,2022-02-10 16:38:41
44,7.0,3,15,2022,2,2,3,16,7,नहरों का पानी/सिचाई समस्या,2022-02-10 16:38:41
1,2.0,3,15,2022,2,2,3,16,10,सहायता राशि/मुआवज़ा,2022-02-10 16:53:51
33,40.0,3,0,2022,2,2,3,17,12,जमीनअधिग्रहण,2022-02-10 17:35:04
44,7.0,3,20,2022,2,2,4,16,13,भावंतर राशि,2022-02-11 16:16:23
44,7.0,3,20,2022,2,2,4,16,7,नहरों का पानी/सिचाई समस्या,2022-02-11 16:16:23
1,2.0,3,12,2022,2,2,4,16,10,सहायता राशि/मुआवज़ा,2022-02-11 16:24:19
4,2.0,3,8,2022,2,2,4,16,7,नहरों का पानी/सिचाई समस्या,2022-02-11 16:28:18
33,40.0,3,20,2022,2,2,4,17,12,जमीनअधिग्रहण,2022-02-11 17:13:20
4,2.0,3,8,2022,2,2,5,10,7,नहरों का पानी/सिचाई समस्या,2022-02-12 10:32:10
33,40.0,3,20,2022,2,2,5,16,12,जमीनअधिग्रहण,2022-02-12 16:31:57
7,40.0,3,25,2022,2,2,5,16,4,बिजली की समस्या,2022-02-12 16:36:37
7,40.0,3,25,2022,2,2,5,16,12,जमीनअधिग्रहण,2022-02-12 16:36:37
44,7.0,3,15,2022,2,2,5,16,13,भावंतर राशि,2022-02-12 16:54:16
44,7.0,3,15,2022,2,2,5,16,7,नहरों का पानी/सिचाई समस्या,2022-02-12 16:54:16
1,2.0,3,12,2022,2,2,5,18,10,सहायता राशि/मुआवज़ा,2022-02-12 18:43:18
33,40.0,3,20,2022,2,2,6,16,12,जमीनअधिग्रहण,2022-02-13 16:12:40
1,2.0,3,12,2022,2,2,0,17,10,सहायता राशि/मुआवज़ा,2022-02-14 17:13:21
1,2.0,3,12,2022,2,2,0,18,10,सहायता राशि/मुआवज़ा,2022-02-14 18:30:22
6,2.0,3,25,2022,2,3,1,15,8,मूल्य न मिलना(Minimum Support Price(MSP)),2022-02-15 15:35:55
6,2.0,3,25,2022,2,3,1,15,8,मूल्य न मिलना(Minimum Support Price(MSP)),2022-02-15 15:35:55
19,2.0,3,20,2022,2,3,1,16,1,फसल बीमा,2022-02-15 16:25:55
19,2.0,3,20,2022,2,3,1,16,0,फ़सल ख़राब/फसल अफलन,2022-02-15 16:25:55
28,41.0,3,50,2022,2,3,1,16,1,फसल बीमा,2022-02-15 16:31:18
31,2.0,3,0,2022,2,3,2,15,0,फ़सल ख़राब/फसल अफलन,2022-02-16 15:40:27
4,2.0,3,20,2022,2,3,2,16,7,नहरों का पानी/सिचाई समस्या,2022-02-16 16:05:40
18,2.0,3,15,2022,2,3,3,14,1,फसल बीमा,2022-02-17 14:43:18
18,2.0,3,15,2022,2,3,3,14,7,नहरों का पानी/सिचाई समस्या,2022-02-17 14:43:18
7,2.0,3,10,2022,2,3,3,15,1,फसल बीमा,2022-02-17 15:38:30
1,2.0,3,80,2022,2,3,3,17,8,मूल्य न मिलना(Minimum Support Price(MSP)),2022-02-17 17:41:11
39,13.0,3,30,2022,2,3,4,15,1,फसल बीमा,2022-02-18 15:58:11
29,39.0,3,7,2022,2,3,5,15,1,फसल बीमा,2022-02-19 15:58:49
45,22.0,3,35,2022,2,3,0,18,0,फ़सल ख़राब/फसल अफलन,2022-02-21 18:02:23
43,2.0,3,12,2022,2,4,1,11,1,फसल बीमा,2022-02-22 11:29:00
43,2.0,3,12,2022,2,4,1,11,10,सहायता राशि/मुआवज़ा,2022-02-22 11:29:00
27,53.0,3,30,2022,2,4,1,15,1,फसल बीमा,2022-02-22 15:55:22
39,40.0,3,20,2022,2,4,1,15,13,भावंतर राशि,2022-02-22 15:56:37
39,40.0,3,20,2022,2,4,1,15,3,बिजली बिल,2022-02-22 15:56:37
39,40.0,3,20,2022,2,4,1,15,1,फसल बीमा,2022-02-22 15:56:37
39,40.0,3,5,2022,2,4,2,16,0,फ़सल ख़राब/फसल अफलन,2022-02-23 16:10:21
50,40.0,3,70,2022,2,4,2,17,7,नहरों का पानी/सिचाई समस्या,2022-02-23 17:34:39
45,22.0,3,150,2022,2,4,3,17,0,फ़सल ख़राब/फसल अफलन,2022-02-24 17:26:28
45,22.0,3,150,2022,2,4,3,17,3,बिजली बिल,2022-02-24 17:26:28
45,22.0,3,150,2022,2,4,3,17,0,फ़सल ख़राब/फसल अफलन,2022-02-24 17:26:28
45,22.0,3,150,2022,2,4,3,17,0,फ़सल ख़राब/फसल अफलन,2022-02-24 17:26:28
45,22.0,3,150,2022,2,4,3,17,3,बिजली बिल,2022-02-24 17:26:28
45,22.0,3,150,2022,2,4,3,17,0,फ़सल ख़राब/फसल अफलन,2022-02-24 17:26:28
45,22.0,3,150,2022,2,4,3,17,3,बिजली बिल,2022-02-24 17:26:28
45,22.0,3,150,2022,2,4,3,17,3,बिजली बिल,2022-02-24 17:26:28
9,22.0,3,11,2022,2,4,3,17,8,मूल्य न मिलना(Minimum Support Price(MSP)),2022-02-24 17:37:57
1,2.0,3,50,2022,2,4,3,19,8,मूल्य न मिलना(Minimum Support Price(MSP)),2022-02-24 19:20:17
42,2.0,3,60,2022,2,4,3,20,1,फसल बीमा,2022-02-24 20:31:55
42,2.0,3,60,2022,2,4,3,20,8,मूल्य न मिलना(Minimum Support Price(MSP)),2022-02-24 20:31:55
6,2.0,3,2000,2022,2,4,4,15,8,मूल्य न मिलना(Minimum Support Price(MSP)),2022-02-25 15:49:32
33,40.0,3,100,2022,2,4,4,17,12,जमीनअधिग्रहण,2022-02-25 17:00:21
33,40.0,3,100,2022,2,4,4,17,12,जमीनअधिग्रहण,2022-02-25 17:00:21
33,40.0,3,100,2022,2,4,4,17,12,जमीनअधिग्रहण,2022-02-25 17:00:21
40,40.0,3,0,2022,2,4,4,18,3,बिजली बिल,2022-02-25 18:03:11
19,43.0,3,15,2022,2,4,5,13,1,फसल बीमा,2022-02-26 13:28:27
6,2.0,3,2700,2022,2,4,5,16,8,मूल्य न मिलना(Minimum Support Price(MSP)),2022-02-26 16:24:01
6,2.0,3,2000,2022,2,4,6,15,8,मूल्य न मिलना(Minimum Support Price(MSP)),2022-02-27 15:02:52
39,13.0,3,30,2022,2,4,0,15,3,बिजली बिल,2022-02-28 15:02:43
44,39.0,3,20,2022,2,4,0,17,8,मूल्य न मिलना(Minimum Support Price(MSP)),2022-02-28 17:17:40
44,39.0,3,10,2023,2,1,3,15,5,खाद की कमी: यूरिया(Urea) डीएपी(DAP)/काला बाजारी,2023-02-02 15:57:53
44,39.0,3,10,2023,2,1,3,15,7,नहरों का पानी/सिचाई समस्या,2023-02-02 15:57:53
6,40.0,3,400,2023,2,1,3,16,4,बिजली की समस्या,2023-02-02 16:16:14
6,40.0,3,400,2023,2,1,3,16,5,खाद की कमी: यूरिया(Urea) डीएपी(DAP)/काला बाजारी,2023-02-02 16:16:14
6,40.0,3,400,2023,2,1,3,16,7,नहरों का पानी/सिचाई समस्या,2023-02-02 16:16:14
6,40.0,3,400,2023,2,1,3,16,8,मूल्य न मिलना(Minimum Support Price(MSP)),2023-02-02 16:16:14
24,2.0,3,30,2023,2,1,3,16,0,फ़सल ख़राब/फसल अफलन,2023-02-02 16:42:22
24,2.0,3,30,2023,2,1,3,16,8,मूल्य न मिलना(Minimum Support Price(MSP)),2023-02-02 16:42:22
44,7.0,3,10,2023,2,1,3,16,7,नहरों का पानी/सिचाई समस्या,2023-02-02 16:48:27
44,39.0,3,10,2023,2,1,4,16,5,खाद की कमी: यूरिया(Urea) डीएपी(DAP)/काला बाजारी,2023-02-03 16:03:14
44,39.0,3,10,2023,2,1,4,16,7,नहरों का पानी/सिचाई समस्या,2023-02-03 16:03:14
43,2.0,3,50,2023,2,1,4,18,7,नहरों का पानी/सिचाई समस्या,2023-02-03 18:24:58
6,40.0,3,250,2023,2,1,5,16,5,खाद की कमी: यूरिया(Urea) डीएपी(DAP)/काला बाजारी,2023-02-04 16:05:34
6,40.0,3,250,2023,2,1,5,16,7,नहरों का पानी/सिचाई समस्या,2023-02-04 16:05:34
6,40.0,3,250,2023,2,1,5,16,8,मूल्य न मिलना(Minimum Support Price(MSP)),2023-02-04 16:05:34
6,40.0,3,250,2023,2,1,5,16,4,बिजली की समस्या,2023-02-04 16:05:34
6,40.0,3,250,2023,2,1,5,16,5,खाद की कमी: यूरिया(Urea) डीएपी(DAP)/काला बाजारी,2023-02-04 16:05:34
6,40.0,3,250,2023,2,1,5,16,7,नहरों का पानी/सिचाई समस्या,2023-02-04 16:05:34
6,40.0,3,250,2023,2,1,5,16,8,मूल्य न मिलना(Minimum Support Price(MSP)),2023-02-04 16:05:34
6,40.0,3,250,2023,2,1,5,16,4,बिजली की समस्या,2023-02-04 16:05:34
29,40.0,3,50,2023,2,1,5,17,0,फ़सल ख़राब/फसल अफलन,2023-02-04 17:19:18
43,2.0,3,40,2023,2,1,5,17,7,नहरों का पानी/सिचाई समस्या,2023-02-04 17:23:37
4,25.0,3,15,2023,2,1,1,10,5,खाद की कमी: यूरिया(Urea) डीएपी(DAP)/काला बाजारी,2023-02-07 10:21:10
39,13.0,3,15,2023,2,2,2,16,1,फसल बीमा,2023-02-08 16:29:59
11,40.0,3,60,2023,2,2,3,15,7,नहरों का पानी/सिचाई समस्या,2023-02-09 15:24:25
24,40.0,3,15,2023,2,2,4,16,7,नहरों का पानी/सिचाई समस्या,2023-02-10 16:42:16
24,40.0,3,15,2023,2,2,4,16,5,खाद की कमी: यूरिया(Urea) डीएपी(DAP)/काला बाजारी,2023-02-10 16:42:16
24,40.0,3,15,2023,2,2,4,16,6,बीज की समस्या,2023-02-10 16:42:16
24,40.0,3,15,2023,2,2,5,16,5,खाद की कमी: यूरिया(Urea) डीएपी(DAP)/काला बाजारी,2023-02-11 16:14:18
24,40.0,3,15,2023,2,2,5,16,6,बीज की समस्या,2023-02-11 16:14:18
24,40.0,3,15,2023,2,2,5,16,7,नहरों का पानी/सिचाई समस्या,2023-02-11 16:14:18
19,7.0,3,0,2023,2,2,5,16,7,नहरों का पानी/सिचाई समस्या,2023-02-11 16:48:50
19,7.0,3,0,2023,2,2,5,16,5,खाद की कमी: यूरिया(Urea) डीएपी(DAP)/काला बाजारी,2023-02-11 16:48:50
24,40.0,3,3,2023,2,2,6,15,5,खाद की कमी: यूरिया(Urea) डीएपी(DAP)/काला बाजारी,2023-02-12 15:40:48
24,40.0,3,3,2023,2,2,6,15,6,बीज की समस्या,2023-02-12 15:40:48
24,40.0,3,3,2023,2,2,6,15,7,नहरों का पानी/सिचाई समस्या,2023-02-12 15:40:48
24,40.0,3,6,2023,2,2,0,12,5,खाद की कमी: यूरिया(Urea) डीएपी(DAP)/काला बाजारी,2023-02-13 12:23:45
24,40.0,3,6,2023,2,2,0,12,6,बीज की समस्या,2023-02-13 12:23:45
24,40.0,3,6,2023,2,2,0,12,7,नहरों का पानी/सिचाई समस्या,2023-02-13 12:23:45
24,40.0,3,20,2023,2,2,1,16,7,नहरों का पानी/सिचाई समस्या,2023-02-14 16:52:55
24,40.0,3,20,2023,2,2,1,16,6,बीज की समस्या,2023-02-14 16:52:55
24,40.0,3,20,2023,2,2,1,16,5,खाद की कमी: यूरिया(Urea) डीएपी(DAP)/काला बाजारी,2023-02-14 16:52:55
6,2.0,3,5,2023,2,2,1,17,10,सहायता राशि/मुआवज़ा,2023-02-14 17:23:08
6,2.0,3,5,2023,2,2,1,17,3,बिजली बिल,2023-02-14 17:23:08
6,2.0,3,5,2023,2,2,1,17,1,फसल बीमा,2023-02-14 17:23:08
6,2.0,3,5,2023,2,2,1,17,7,नहरों का पानी/सिचाई समस्या,2023-02-14 17:23:08
40,40.0,3,10,2023,2,3,4,11,8,मूल्य न मिलना(Minimum Support Price(MSP)),2023-02-17 11:46:52
11,40.0,3,0,2023,2,3,4,14,12,जमीनअधिग्रहण,2023-02-17 14:07:00
11,40.0,3,0,2023,2,3,4,14,9,किसानों द्वारा आत्महत्या/आत्महत्या का प्रयास,2023-02-17 14:07:00
36,40.0,3,20,2023,2,3,6,17,12,जमीनअधिग्रहण,2023-02-19 17:30:23
43,46.0,3,20,2023,2,3,6,17,7,नहरों का पानी/सिचाई समस्या,2023-02-19 17:40:06
39,13.0,3,150,2023,2,3,1,15,1,फसल बीमा,2023-02-21 15:38:41
1,2.0,3,0,2023,2,4,2,15,7,नहरों का पानी/सिचाई समस्या,2023-02-22 15:20:47
36,40.0,3,1500,2023,2,4,2,16,8,मूल्य न मिलना(Minimum Support Price(MSP)),2023-02-22 16:48:59
36,40.0,3,1500,2023,2,4,2,16,12,जमीनअधिग्रहण,2023-02-22 16:48:59
11,40.0,3,50,2023,2,4,3,16,4,बिजली की समस्या,2023-02-23 16:29:57
24,40.0,3,4,2023,2,4,4,12,8,मूल्य न मिलना(Minimum Support Price(MSP)),2023-02-24 12:55:28
24,40.0,3,6,2023,2,4,4,12,8,मूल्य न मिलना(Minimum Support Price(MSP)),2023-02-24 12:58:51
24,40.0,3,5,2023,2,4,4,13,8,मूल्य न मिलना(Minimum Support Price(MSP)),2023-02-24 13:00:57
50,37.0,3,10,2023,2,4,4,16,8,मूल्य न मिलना(Minimum Support Price(MSP)),2023-02-24 16:12:54
36,40.0,3,1000,2023,2,4,4,17,12,जमीनअधिग्रहण,2023-02-24 17:16:20
8,2.0,3,20,2023,2,4,5,15,1,फसल बीमा,2023-02-25 15:56:55
8,2.0,3,20,2023,2,4,5,15,5,खाद की कमी: यूरिया(Urea) डीएपी(DAP)/काला बाजारी,2023-02-25 15:56:55
48,13.0,3,50,2023,2,4,0,12,4,बिजली की समस्या,2023-02-27 12:57:36
1,3.0,3,6,2023,2,4,1,14,1,फसल बीमा,2023-02-28 14:57:41
1,13.0,3,60,2023,2,4,1,14,8,मूल्य न मिलना(Minimum Support Price(MSP)),2023-02-28 14:59:10
24,40.0,3,15,2023,2,4,1,16,8,मूल्य न मिलना(Minimum Support Price(MSP)),2023-02-28 16:21:05
24,2.0,3,8,2024,2,1,3,15,10,सहायता राशि/मुआवज़ा,2024-02-01 15:15:54
9,2.0,3,18,2024,2,1,3,17,0,फ़सल ख़राब/फसल अफलन,2024-02-01 17:19:12
9,2.0,3,18,2024,2,1,3,17,0,फ़सल ख़राब/फसल अफलन,2024-02-01 17:19:12
1,40.0,3,40,2024,2,1,4,15,8,मूल्य न मिलना(Minimum Support Price(MSP)),2024-02-02 15:21:04
49,7.0,3,5,2024,2,1,4,15,12,जमीनअधिग्रहण,2024-02-02 15:40:42
49,7.0,3,5,2024,2,1,4,15,8,मूल्य न मिलना(Minimum Support Price(MSP)),2024-02-02 15:40:42
49,7.0,3,5,2024,2,1,4,15,12,जमीनअधिग्रहण,2024-02-02 15:40:42
49,7.0,3,5,2024,2,1,4,15,8,मूल्य न मिलना(Minimum Support Price(MSP)),2024-02-02 15:40:42
49,7.0,3,5,2024,2,1,4,15,12,जमीनअधिग्रहण,2024-02-02 15:46:02
49,7.0,3,5,2024,2,1,4,15,8,मूल्य न मिलना(Minimum Support Price(MSP)),2024-02-02 15:46:02
4,39.0,3,15,2024,2,1,5,14,7,नहरों का पानी/सिचाई समस्या,2024-02-03 14:58:25
4,39.0,3,15,2024,2,1,5,14,7,नहरों का पानी/सिचाई समस्या,2024-02-03 14:58:25
49,39.0,3,10,2024,2,1,1,14,8,मूल्य न मिलना(Minimum Support Price(MSP)),2024-02-06 14:34:58
39,40.0,3,5,2024,2,1,1,16,8,मूल्य न मिलना(Minimum Support Price(MSP)),2024-02-06 16:37:16
30,40.0,3,40,2024,2,1,1,17,4,बिजली की समस्या,2024-02-06 17:21:02
24,40.0,3,20,2024,2,1,2,15,10,सहायता राशि/मुआवज़ा,2024-02-07 15:09:24
49,7.0,3,5,2024,2,1,2,15,8,मूल्य न मिलना(Minimum Support Price(MSP)),2024-02-07 15:23:52
49,7.0,3,5,2024,2,1,2,15,12,जमीनअधिग्रहण,2024-02-07 15:23:52
24,40.0,3,20,2024,2,2,3,14,10,सहायता राशि/मुआवज़ा,2024-02-08 14:51:47
24,40.0,3,20,2024,2,2,3,14,10,सहायता राशि/मुआवज़ा,2024-02-08 14:51:47
1,40.0,3,20,2024,2,2,3,16,0,फ़सल ख़राब/फसल अफलन,2024-02-08 16:08:28
30,40.0,3,30,2024,2,2,4,15,8,मूल्य न मिलना(Minimum Support Price(MSP)),2024-02-09 15:59:23
30,40.0,3,30,2024,2,2,4,15,8,मूल्य न मिलना(Minimum Support Price(MSP)),2024-02-09 15:59:23
30,40.0,3,30,2024,2,2,4,15,8,मूल्य न मिलना(Minimum Support Price(MSP)),2024-02-09 15:59:23
39,3.0,3,40,2024,2,2,5,13,12,जमीनअधिग्रहण,2024-02-10 13:40:37
25,39.0,3,5,2024,2,2,6,15,8,मूल्य न मिलना(Minimum Support Price(MSP)),2024-02-11 15:17:56
20,40.0,3,5,2024,2,2,6,16,8,मूल्य न मिलना(Minimum Support Price(MSP)),2024-02-11 16:31:10
1,40.0,3,6,2024,2,2,6,16,8,मूल्य न मिलना(Minimum Support Price(MSP)),2024-02-11 16:51:41
17,13.0,3,0,2024,2,2,6,17,7,नहरों का पानी/सिचाई समस्या,2024-02-11 17:02:06
20,40.0,3,7,2024,2,2,0,15,8,मूल्य न मिलना(Minimum Support Price(MSP)),2024-02-12 15:07:51
49,40.0,3,20,2024,2,2,0,15,8,मूल्य न मिलना(Minimum Support Price(MSP)),2024-02-12 15:35:05
36,40.0,3,0,2024,2,2,0,16,8,मूल्य न मिलना(Minimum Support Price(MSP)),2024-02-12 16:20:08
1,40.0,3,6,2024,2,2,1,11,8,मूल्य न मिलना(Minimum Support Price(MSP)),2024-02-13 11:59:43
39,40.0,3,0,2024,2,2,1,15,8,मूल्य न मिलना(Minimum Support Price(MSP)),2024-02-13 15:08:53
24,40.0,3,15,2024,2,2,1,15,10,सहायता राशि/मुआवज़ा,2024-02-13 15:35:38
24,40.0,3,15,2024,2,2,1,15,1,फसल बीमा,2024-02-13 15:35:38
9,3.0,3,100,2024,2,2,1,17,8,मूल्य न मिलना(Minimum Support Price(MSP)),2024-02-13 17:49:26
9,3.0,3,100,2024,2,2,1,17,8,मूल्य न मिलना(Minimum Support Price(MSP)),2024-02-13 17:49:26
9,3.0,3,100,2024,2,2,1,17,8,मूल्य न मिलना(Minimum Support Price(MSP)),2024-02-13 17:50:18
9,3.0,3,100,2024,2,2,1,17,8,मूल्य न मिलना(Minimum Support Price(MSP)),2024-02-13 17:50:18
1,2.0,3,2275,2024,2,2,2,11,8,मूल्य न मिलना(Minimum Support Price(MSP)),2024-02-14 11:21:23
1,40.0,3,30,2024,2,3,3,14,8,मूल्य न मिलना(Minimum Support Price(MSP)),2024-02-15 14:41:37
20,40.0,3,70,2024,2,3,3,15,8,मूल्य न मिलना(Minimum Support Price(MSP)),2024-02-15 15:27:53
43,40.0,3,15,2024,2,3,3,16,8,मूल्य न मिलना(Minimum Support Price(MSP)),2024-02-15 16:15:56
42,7.0,3,0,2024,2,3,3,18,8,मूल्य न मिलना(Minimum Support Price(MSP)),2024-02-15 18:33:53
1,7.0,3,25,2024,2,3,4,13,8,मूल्य न मिलना(Minimum Support Price(MSP)),2024-02-16 13:55:39
32,40.0,3,4,2024,2,3,4,14,8,मूल्य न मिलना(Minimum Support Price(MSP)),2024-02-16 14:42:30
8,40.0,3,10,2024,2,3,4,14,12,जमीनअधिग्रहण,2024-02-16 14:57:07
22,63.0,3,40,2024,2,3,4,15,8,मूल्य न मिलना(Minimum Support Price(MSP)),2024-02-16 15:14:39
1,2.0,3,2275,2024,2,3,4,15,8,मूल्य न मिलना(Minimum Support Price(MSP)),2024-02-16 15:31:57
20,40.0,3,200,2024,2,3,4,15,8,मूल्य न मिलना(Minimum Support Price(MSP)),2024-02-16 15:56:41
39,2.0,3,30,2024,2,3,4,16,8,मूल्य न मिलना(Minimum Support Price(MSP)),2024-02-16 16:04:20
39,7.0,3,20,2024,2,3,4,16,8,मूल्य न मिलना(Minimum Support Price(MSP)),2024-02-16 16:10:52
16,40.0,3,25,2024,2,3,4,16,8,मूल्य न मिलना(Minimum Support Price(MSP)),2024-02-16 16:27:29
9,3.0,3,150,2024,2,3,4,16,8,मूल्य न मिलना(Minimum Support Price(MSP)),2024-02-16 16:31:05
9,3.0,3,150,2024,2,3,4,16,8,मूल्य न मिलना(Minimum Support Price(MSP)),2024-02-16 16:31:05
16,40.0,3,100,2024,2,3,4,16,8,मूल्य न मिलना(Minimum Support Price(MSP)),2024-02-16 16:34:33
16,40.0,3,100,2024,2,3,4,16,8,मूल्य न मिलना(Minimum Support Price(MSP)),2024-02-16 16:34:33
16,40.0,3,100,2024,2,3,4,16,8,मूल्य न मिलना(Minimum Support Price(MSP)),2024-02-16 16:34:33
7,5.0,3,10,2024,2,3,4,17,7,नहरों का पानी/सिचाई समस्या,2024-02-16 17:08:35
7,5.0,3,10,2024,2,3,4,17,8,मूल्य न मिलना(Minimum Support Price(MSP)),2024-02-16 17:08:35
39,40.0,3,30,2024,2,3,5,14,8,मूल्य न मिलना(Minimum Support Price(MSP)),2024-02-17 14:18:44
27,2.0,3,40,2024,2,3,5,15,11,मंडी व्यवस्था/खरीदी केन्द्,2024-02-17 15:45:10
42,2.0,3,30,2024,2,3,5,16,8,मूल्य न मिलना(Minimum Support Price(MSP)),2024-02-17 16:10:50
18,7.0,3,40,2024,2,3,5,16,8,मूल्य न मिलना(Minimum Support Price(MSP)),2024-02-17 16:35:30
20,2.0,3,300,2024,2,3,1,15,12,जमीनअधिग्रहण,2024-02-20 15:15:28
39,13.0,3,10,2024,2,3,1,15,7,नहरों का पानी/सिचाई समस्या,2024-02-20 15:47:10
44,7.0,3,50,2024,2,3,1,16,8,मूल्य न मिलना(Minimum Support Price(MSP)),2024-02-20 16:29:36
9,2.0,3,20,2024,2,3,2,15,8,मूल्य न मिलना(Minimum Support Price(MSP)),2024-02-21 15:26:23
9,2.0,3,20,2024,2,3,2,15,8,मूल्य न मिलना(Minimum Support Price(MSP)),2024-02-21 15:26:23
25,39.0,3,15,2024,2,3,2,16,8,मूल्य न मिलना(Minimum Support Price(MSP)),2024-02-21 16:09:41
21,2.0,3,60,2024,2,3,2,18,8,मूल्य न मिलना(Minimum Support Price(MSP)),2024-02-21 18:17:27
20,3.0,3,10,2024,2,4,3,13,12,जमीनअधिग्रहण,2024-02-22 13:13:33
20,3.0,3,10,2024,2,4,3,13,13,भावंतर राशि,2024-02-22 13:13:33
20,3.0,3,10,2024,2,4,3,13,8,मूल्य न मिलना(Minimum Support Price(MSP)),2024-02-22 13:13:33
39,13.0,3,80,2024,2,4,3,15,7,नहरों का पानी/सिचाई समस्या,2024-02-22 15:45:20
6,2.0,3,100,2024,2,4,3,16,7,नहरों का पानी/सिचाई समस्या,2024-02-22 16:07:03
6,2.0,3,100,2024,2,4,3,16,7,नहरों का पानी/सिचाई समस्या,2024-02-22 16:07:03
6,2.0,3,100,2024,2,4,3,16,7,नहरों का पानी/सिचाई समस्या,2024-02-22 16:07:03
39,13.0,3,50,2024,2,4,4,16,7,नहरों का पानी/सिचाई समस्या,2024-02-23 16:04:59
44,39.0,3,10,2024,2,4,4,16,8,मूल्य न मिलना(Minimum Support Price(MSP)),2024-02-23 16:45:06
31,40.0,3,40,2024,2,4,4,16,8,मूल्य न मिलना(Minimum Support Price(MSP)),2024-02-23 16:55:28
6,2.0,3,70,2024,2,4,5,13,8,मूल्य न मिलना(Minimum Support Price(MSP)),2024-02-24 13:50:51
6,40.0,3,60,2024,2,4,5,16,7,नहरों का पानी/सिचाई समस्या,2024-02-24 16:50:39
6,40.0,3,60,2024,2,4,5,16,7,नहरों का पानी/सिचाई समस्या,2024-02-24 16:50:39
9,3.0,3,18,2024,2,4,5,17,8,मूल्य न मिलना(Minimum Support Price(MSP)),2024-02-24 17:57:13
9,3.0,3,18,2024,2,4,5,17,8,मूल्य न मिलना(Minimum Support Price(MSP)),2024-02-24 17:57:13
6,2.0,3,70,2024,2,4,6,14,8,मूल्य न मिलना(Minimum Support Price(MSP)),2024-02-25 14:14:28
18,3.0,3,10,2024,2,4,6,16,8,मूल्य न मिलना(Minimum Support Price(MSP)),2024-02-25 16:22:20
1,40.0,3,200,2024,2,4,0,14,8,मूल्य न मिलना(Minimum Support Price(MSP)),2024-02-26 14:33:16
1,40.0,3,450,2024,2,4,0,15,8,मूल्य न मिलना(Minimum Support Price(MSP)),2024-02-26 15:44:19
49,40.0,3,200,2024,2,4,0,15,8,मूल्य न मिलना(Minimum Support Price(MSP)),2024-02-26 15:51:34
49,40.0,3,200,2024,2,4,0,15,8,मूल्य न मिलना(Minimum Support Price(MSP)),2024-02-26 15:51:34
29,3.0,3,20,2024,2,4,0,15,7,नहरों का पानी/सिचाई समस्या,2024-02-26 15:58:40
25,2.0,3,25,2024,2,4,0,16,7,नहरों का पानी/सिचाई समस्या,2024-02-26 16:23:48
25,2.0,3,25,2024,2,4,0,16,4,बिजली की समस्या,2024-02-26 16:23:48
25,2.0,3,25,2024,2,4,0,16,8,मूल्य न मिलना(Minimum Support Price(MSP)),2024-02-26 16:23:48
9,3.0,3,0,2024,2,4,0,17,8,मूल्य न मिलना(Minimum Support Price(MSP)),2024-02-26 17:25:06
9,40.0,3,80,2024,2,4,0,17,8,मूल्य न मिलना(Minimum Support Price(MSP)),2024-02-26 17:36:29
9,40.0,3,80,2024,2,4,0,17,1,फसल बीमा,2024-02-26 17:36:29
9,40.0,3,80,2024,2,4,0,17,8,मूल्य न मिलना(Minimum Support Price(MSP)),2024-02-26 17:36:29
9,40.0,3,80,2024,2,4,0,17,1,फसल बीमा,2024-02-26 17:36:29
4,25.0,3,10,2024,2,4,0,17,8,मूल्य न मिलना(Minimum Support Price(MSP)),2024-02-26 17:41:31
16,40.0,3,35,2024,2,4,0,19,8,मूल्य न मिलना(Minimum Support Price(MSP)),2024-02-26 19:09:03
39,40.0,3,5,2024,2,4,1,14,8,मूल्य न मिलना(Minimum Support Price(MSP)),2024-02-27 14:55:56
37,2.0,3,30,2024,2,4,1,15,8,मूल्य न मिलना(Minimum Support Price(MSP)),2024-02-27 15:35:39
24,40.0,3,10,2024,2,4,1,15,0,फ़सल ख़राब/फसल अफलन,2024-02-27 15:59:01
24,40.0,3,10,2024,2,4,1,15,1,फसल बीमा,2024-02-27 15:59:01
24,40.0,3,10,2024,2,4,1,15,10,सहायता राशि/मुआवज़ा,2024-02-27 15:59:01
18,3.0,3,10,2024,2,4,1,16,8,मूल्य न मिलना(Minimum Support Price(MSP)),2024-02-27 16:28:46
43,2.0,3,30,2024,2,4,1,16,8,मूल्य न मिलना(Minimum Support Price(MSP)),2024-02-27 16:34:15
5,40.0,3,50,2024,2,4,1,18,8,मूल्य न मिलना(Minimum Support Price(MSP)),2024-02-27 18:11:58
18,40.0,3,12,2024,2,4,2,16,8,मूल्य न मिलना(Minimum Support Price(MSP)),2024-02-28 16:47:07
18,40.0,3,5,2024,2,5,3,15,8,मूल्य न मिलना(Minimum Support Price(MSP)),2024-02-29 15:59:16
